First Name,Last Name,Status,Date
Aba,Jhds,Present,2025-08-26
Adam,Smith,Absent,2025-08-26
Iddrisu,Adelga,Present,2025-08-26
Iddrisu,Adelga,Present,2025-08-26
Iddrisu,Adelga,Present,2025-08-26
Iddrisu,Adelga,Present,2025-08-26
Iddrisu,Adelga,Present,2025-08-26
Iddrisu,Adelga,Present,2025-08-26
Iddrisu,Adelga,Present,2025-08-26
Iddrisu,Adelga,Present,2025-08-26
Iddrisu,Adelga,Present,2025-08-26
Iddrisu,Adelga,Present,2025-08-26
Iddrisu,Adelga,Present,2025-08-26
Iddrisu,Adelga,Present,2025-08-26
Iddrisu,Adelga,Present,2025-08-26
Iddrisu,Adelga,Present,2025-08-26
Iddrisu,Adelga,Present,2025-08-26
Iddrisu,Adelga,Present,2025-08-26
Iddrisu,Adelga,Present,2025-08-26
Iddrisu,Adelga,Present,2025-08-26
Iddrisu,Adelga,Present,2025-08-26
Iddrisu,Adelga,Present,2025-08-26
Iddrisu,Adelga,Present,2025-08-26
Iddrisu,Adelga,Present,2025-08-26
Iddrisu,Adelga,Present,2025-08-26
Iddrisu,Adelga,Present,2025-08-26
Iddrisu,Adelga,Present,2025-08-26
Iddrisu,Adelga,Present,2025-08-26
Iddrisu,Adelga,Present,2025-08-26
Iddrisu,Adelga,Present,2025-08-26
Iddrisu,Adelga,Present,2025-08-26
Iddrisu,Adelga,Present,2025-08-26
Iddrisu,Adelga,Present,2025-08-26
Iddrisu,Adelga,Present,2025-08-26
Iddrisu,Adelga,Present,2025-08-26
Iddrisu,Adelga,Present,2025-08-26
Iddrisu,Adelga,Present,2025-08-26
Iddrisu,Adelga,Present,2025-08-26
Iddrisu,Adelga,Present,2025-08-26
Iddrisu,Adelga,Present,2025-08-26
Iddrisu,Adelga,Present,2025-08-26
Iddrisu,Adelga,Present,2025-08-26
Iddrisu,Adelga,Present,2025-08-26
Iddrisu,Adelga,Present,2025-08-26
Iddrisu,Adelga,Present,2025-08-26
Iddrisu,Adelga,Present,2025-08-26
Iddrisu,Adelga,Present,2025-08-26
Iddrisu,Adelga,Present,2025-08-26
Iddrisu,Adelga,Present,2025-08-26
Iddrisu,Adelga,Present,2025-08-26
Iddrisu,Adelga,Present,2025-08-26
Iddrisu,Adelga,Present,2025-08-26
Iddrisu,Adelga,Present,2025-08-26
Iddrisu,Adelga,Present,2025-08-26
Iddrisu,Adelga,Present,2025-08-26
Iddrisu,Adelga,Present,2025-08-26
Iddrisu,Adelga,Present,2025-08-26
Iddrisu,Adelga,Present,2025-08-26
Iddrisu,Adelga,Present,2025-08-26
Iddrisu,Adelga,Present,2025-08-26
Iddrisu,Adelga,Present,2025-08-26
Iddrisu,Adelga,Present,2025-08-26
Iddrisu,Adelga,Present,2025-08-26
Iddrisu,Adelga,Present,2025-08-26
Iddrisu,Adelga,Present,2025-08-26
Iddrisu,Adelga,Present,2025-08-26
Iddrisu,Adelga,Present,2025-08-26
Iddrisu,Adelga,Present,2025-08-26
Iddrisu,Adelga,Present,2025-08-26
Iddrisu,Adelga,Present,2025-08-26
Iddrisu,Adelga,Present,2025-08-26
Iddrisu,Adelga,Present,2025-08-26
Iddrisu,Adelga,Present,2025-08-26
Iddrisu,Adelga,Present,2025-08-26
Iddrisu,Adelga,Present,2025-08-26
Iddrisu,Adelga,Present,2025-08-26
Iddrisu,Adelga,Present,2025-08-26
Iddrisu,Adelga,Present,2025-08-26
Iddrisu,Adelga,Present,2025-08-26
Iddrisu,Adelga,Present,2025-08-26
Iddrisu,Adelga,Present,2025-08-26
Iddrisu,Adelga,Present,2025-08-26
Iddrisu,Adelga,Present,2025-08-26
Iddrisu,Adelga,Present,2025-08-26
Iddrisu,Adelga,Present,2025-08-26
Iddrisu,Adelga,Present,2025-08-26
Iddrisu,Adelga,Present,2025-08-26
Iddrisu,Adelga,Present,2025-08-26
Iddrisu,Adelga,Present,2025-08-26
Iddrisu,Adelga,Present,2025-08-26
Iddrisu,Adelga,Present,2025-08-26
Iddrisu,Adelga,Present,2025-08-26
Iddrisu,Adelga,Present,2025-08-26
Iddrisu,Adelga,Present,2025-08-26
Iddrisu,Adelga,Present,2025-08-26
Iddrisu,Adelga,Present,2025-08-26
Iddrisu,Adelga,Present,2025-08-26
Iddrisu,Adelga,Present,2025-08-26
Iddrisu,Adelga,Present,2025-08-26
Iddrisu,Adelga,Present,2025-08-26
Iddrisu,Adelga,Present,2025-08-26
Iddrisu,Adelga,Present,2025-08-26
Iddrisu,Adelga,Present,2025-08-26
Iddrisu,Adelga,Present,2025-08-26
Iddrisu,Adelga,Present,2025-08-26
Iddrisu,Adelga,Present,2025-08-26
Iddrisu,Adelga,Present,2025-08-26
Iddrisu,Adelga,Present,2025-08-26
Iddrisu,Adelga,Present,2025-08-26
Iddrisu,Adelga,Present,2025-08-26
Iddrisu,Adelga,Present,2025-08-26
Iddrisu,Adelga,Present,2025-08-26
Iddrisu,Adelga,Present,2025-08-26
Iddrisu,Adelga,Present,2025-08-26
Iddrisu,Adelga,Present,2025-08-26
Iddrisu,Adelga,Present,2025-08-26
